Region,Month of Period End,Median Sale Price,Median Sale Price MoM ,Median Sale Price YoY ,Homes Sold,Homes Sold MoM ,Homes Sold YoY ,New Listings,New Listings MoM ,New Listings YoY ,Inventory,Inventory MoM , Inventory YoY ,Days on Market,Days on Market MoM,Days on Market YoY,Average Sale To List,Average Sale To List MoM ,Average Sale To List YoY 
Zip Code: 60062,Feb-12,$250K,-1.60%,-30.60%,95,3.30%,-2.10%,131,23.60%,-11.50%,291,0.00%,-20.30%,126,3,7,92.60%,0.10%,-1.00%
Zip Code: 60062,Mar-12,$250K,0.00%,-21.30%,86,-9.50%,-7.50%,200,52.70%,0.00%,312,7.20%,-17.90%,135,9,-13,92.70%,0.10%,-0.80%
Zip Code: 60062,Apr-12,$280K,12.00%,-10.70%,100,16.30%,3.10%,239,19.50%,1.70%,330,5.80%,-17.70%,155,20,-26,93.00%,0.30%,0.60%
Zip Code: 60062,May-12,$320K,14.30%,7.20%,133,33.00%,29.10%,284,18.80%,7.60%,340,3.00%,-17.30%,156,1,-24,93.10%,0.10%,0.40%
Zip Code: 60062,Jun-12,$350K,9.40%,7.70%,161,21.10%,17.50%,265,-6.70%,3.10%,316,-7.10%,-18.80%,106,-50,-26,94.30%,1.30%,1.40%
Zip Code: 60062,Jul-12,$386K,10.40%,7.30%,186,15.50%,24.80%,265,0.00%,18.80%,334,5.70%,-8.50%,92,-14,-15,94.20%,-0.10%,1.10%
Zip Code: 60062,Aug-12,$418K,8.10%,11.20%,204,9.70%,9.70%,220,-17.00%,9.50%,294,-12.00%,-14.00%,92,-1,-17,94.90%,0.70%,2.40%
Zip Code: 60062,Sep-12,$386K,-7.50%,5.80%,215,5.40%,30.30%,192,-12.70%,9.10%,260,-11.60%,-23.30%,101,10,-5,94.30%,-0.60%,2.00%
Zip Code: 60062,Oct-12,$363K,-6.00%,5.20%,216,0.50%,45.90%,161,-16.10%,-6.90%,244,-6.20%,-26.10%,102,1,-26,94.00%,-0.30%,2.00%
Zip Code: 60062,Nov-12,$318K,-12.50%,13.70%,189,-12.50%,92.90%,146,-9.30%,6.60%,215,-11.90%,-29.50%,103,1,-26,93.50%,-0.50%,1.10%
Zip Code: 60062,Dec-12,$321K,1.10%,23.50%,155,-18.00%,52.00%,131,-10.30%,24.80%,193,-10.20%,-31.60%,93,-10,-38,93.30%,-0.30%,1.00%
Zip Code: 60062,Jan-13,$287K,-10.70%,12.90%,140,-9.70%,52.20%,120,-8.40%,13.20%,204,5.70%,-29.90%,95,2,-28,94.80%,1.50%,2.20%
Zip Code: 60062,Feb-13,$319K,11.20%,27.60%,119,-15.00%,25.30%,146,21.70%,11.50%,215,5.40%,-26.10%,92,-3,-34,95.30%,0.60%,2.70%
Zip Code: 60062,Mar-13,$330K,3.40%,32.00%,113,-5.00%,31.40%,192,31.50%,-4.00%,225,4.70%,-27.90%,107,15,-29,95.40%,0.10%,2.70%
Zip Code: 60062,Apr-13,$330K,0.00%,17.90%,113,0.00%,13.00%,243,26.60%,1.70%,256,13.80%,-22.40%,105,-2,-51,94.50%,-0.90%,1.50%
Zip Code: 60062,May-13,$350K,6.10%,9.40%,155,37.20%,16.50%,274,12.80%,-3.50%,271,5.90%,-20.30%,103,-2,-53,94.70%,0.20%,1.60%
Zip Code: 60062,Jun-13,$375K,7.10%,7.10%,176,13.50%,9.30%,282,2.90%,6.40%,268,-1.10%,-15.20%,77,-26,-30,95.80%,1.10%,1.40%
Zip Code: 60062,Jul-13,$390K,4.00%,1.00%,211,19.90%,13.40%,290,2.80%,9.40%,288,7.50%,-13.80%,76,-1,-16,96.80%,1.10%,2.60%
Zip Code: 60062,Aug-13,$400K,2.60%,-4.20%,217,2.80%,6.40%,271,-6.60%,23.20%,273,-5.20%,-7.10%,72,-4,-20,98.00%,1.10%,3.00%
Zip Code: 60062,Sep-13,$423K,5.60%,9.50%,218,0.50%,1.40%,256,-5.50%,33.30%,271,-0.70%,4.20%,75,3,-26,97.40%,-0.50%,3.10%
Zip Code: 60062,Oct-13,$426K,0.80%,17.40%,211,-3.20%,-2.30%,210,-18.00%,30.40%,259,-4.40%,6.10%,73,-3,-30,96.80%,-0.60%,2.80%
Zip Code: 60062,Nov-13,$415K,-2.60%,30.70%,185,-12.30%,-2.10%,173,-17.60%,18.50%,234,-9.70%,8.80%,73,1,-30,96.10%,-0.70%,2.60%
Zip Code: 60062,Dec-13,$401K,-3.40%,24.80%,172,-7.00%,11.00%,135,-22.00%,3.10%,201,-14.10%,4.10%,73,0,-20,96.30%,0.20%,3.10%
Zip Code: 60062,Jan-14,$387K,-3.40%,35.00%,141,-18.00%,0.70%,117,-13.30%,-2.50%,182,-9.50%,-10.80%,77,4,-18,96.60%,0.30%,1.80%
Zip Code: 60062,Feb-14,$375K,-3.10%,17.60%,127,-9.90%,6.70%,143,22.20%,-2.10%,194,6.60%,-9.80%,86,9,-6,96.00%,-0.60%,0.70%
Zip Code: 60062,Mar-14,$359K,-4.30%,8.70%,122,-3.90%,8.00%,198,38.50%,3.10%,226,16.50%,0.40%,91,5,-16,95.70%,-0.30%,0.30%
Zip Code: 60062,Apr-14,$340K,-5.40%,2.90%,134,9.80%,18.60%,263,32.80%,8.20%,281,24.30%,9.80%,95,5,-10,95.10%,-0.60%,0.60%
Zip Code: 60062,May-14,$338K,-0.60%,-3.60%,138,3.00%,-11.00%,324,23.20%,18.20%,315,12.10%,16.20%,88,-8,-15,95.30%,0.20%,0.70%
Zip Code: 60062,Jun-14,$374K,10.80%,-0.30%,168,21.70%,-4.50%,344,6.20%,22.00%,335,6.30%,25.00%,65,-23,-12,96.10%,0.80%,0.40%
Zip Code: 60062,Jul-14,$450K,20.30%,15.40%,171,1.80%,-19.00%,354,2.90%,22.10%,365,9.00%,26.70%,59,-6,-17,96.80%,0.70%,0.00%
Zip Code: 60062,Aug-14,$451K,0.20%,12.70%,224,31.00%,3.20%,311,-12.10%,14.80%,367,0.50%,34.40%,62,3,-11,96.50%,-0.40%,-1.50%
Zip Code: 60062,Sep-14,$450K,-0.20%,6.50%,201,-10.30%,-7.80%,299,-3.90%,16.80%,379,3.30%,39.90%,63,2,-12,95.80%,-0.70%,-1.60%
Zip Code: 60062,Oct-14,$455K,1.10%,6.80%,211,5.00%,0.00%,242,-19.10%,15.20%,349,-7.90%,34.70%,68,5,-5,95.50%,-0.30%,-1.30%
Zip Code: 60062,Nov-14,$460K,1.10%,10.80%,171,-19.00%,-7.60%,187,-22.70%,8.10%,294,-15.80%,25.60%,67,-1,-6,96.10%,0.60%,-0.10%
Zip Code: 60062,Dec-14,$454K,-1.30%,13.30%,198,15.80%,15.10%,120,-35.80%,-11.10%,245,-16.70%,21.90%,77,10,4,96.60%,0.50%,0.20%
Zip Code: 60062,Jan-15,$455K,0.20%,17.60%,173,-12.60%,22.70%,104,-13.30%,-11.10%,242,-1.20%,33.00%,79,2,2,96.70%,0.10%,0.10%
Zip Code: 60062,Feb-15,$510K,12.10%,36.00%,161,-6.90%,26.80%,146,40.40%,2.10%,250,3.30%,28.90%,94,15,8,96.20%,-0.40%,0.20%
Zip Code: 60062,Mar-15,$480K,-5.90%,33.80%,146,-9.30%,19.70%,223,52.70%,12.60%,281,12.40%,24.30%,105,11,14,95.20%,-1.00%,-0.50%
Zip Code: 60062,Apr-15,$457K,-4.90%,34.50%,146,0.00%,9.00%,293,31.40%,11.40%,318,13.20%,13.20%,120,16,25,95.90%,0.70%,0.80%
Zip Code: 60062,May-15,$450K,-1.40%,33.30%,173,18.50%,25.40%,344,17.40%,6.20%,356,11.90%,13.00%,100,-20,13,96.50%,0.50%,1.10%
Zip Code: 60062,Jun-15,$450K,0.00%,20.30%,206,19.10%,22.60%,377,9.60%,9.60%,382,7.30%,14.00%,72,-29,7,97.30%,0.80%,1.10%
Zip Code: 60062,Jul-15,$443K,-1.70%,-1.70%,242,17.50%,41.50%,358,-5.00%,1.10%,371,-2.90%,1.60%,74,2,15,96.70%,-0.50%,-0.10%
Zip Code: 60062,Aug-15,$445K,0.60%,-1.30%,264,9.10%,17.90%,314,-12.30%,1.00%,357,-3.80%,-2.70%,73,-1,12,96.60%,-0.20%,0.10%
Zip Code: 60062,Sep-15,$430K,-3.40%,-4.40%,207,-21.60%,3.00%,245,-22.00%,-18.10%,334,-6.40%,-11.90%,78,5,15,96.50%,-0.10%,0.60%
Zip Code: 60062,Oct-15,$440K,2.20%,-3.40%,194,-6.30%,-8.10%,228,-6.90%,-5.80%,340,1.80%,-2.60%,77,-1,9,96.90%,0.50%,1.40%
Zip Code: 60062,Nov-15,$430K,-2.20%,-6.50%,166,-14.40%,-2.90%,201,-11.80%,7.50%,296,-12.90%,0.70%,79,2,12,96.40%,-0.50%,0.40%
Zip Code: 60062,Dec-15,$458K,6.50%,0.90%,175,5.40%,-11.60%,156,-22.40%,30.00%,256,-13.50%,4.50%,82,3,5,96.20%,-0.30%,-0.40%
Zip Code: 60062,Jan-16,$426K,-7.00%,-6.40%,155,-11.40%,-10.40%,144,-7.70%,38.50%,266,3.90%,9.90%,78,-4,-1,95.30%,-0.90%,-1.40%
Zip Code: 60062,Feb-16,$426K,0.00%,-16.50%,119,-23.20%,-26.10%,178,23.60%,21.90%,297,11.70%,18.80%,105,27,11,95.20%,0.00%,-1.00%
Zip Code: 60062,Mar-16,$388K,-8.90%,-19.20%,115,-3.40%,-21.20%,280,57.30%,25.60%,349,17.50%,24.20%,93,-12,-12,95.30%,0.00%,0.00%
Zip Code: 60062,Apr-16,$425K,9.50%,-6.90%,123,7.00%,-15.80%,332,18.60%,13.30%,380,8.90%,19.50%,98,5,-22,95.90%,0.60%,-0.10%
Zip Code: 60062,May-16,$415K,-2.40%,-7.80%,177,43.90%,2.30%,386,16.30%,12.20%,403,6.10%,13.20%,84,-14,-16,96.00%,0.10%,-0.50%
Zip Code: 60062,Jun-16,$429K,3.40%,-4.70%,221,24.90%,7.30%,363,-6.00%,-3.70%,395,-2.00%,3.40%,82,-3,10,96.40%,0.40%,-0.90%
Zip Code: 60062,Jul-16,$440K,2.60%,-0.60%,250,13.10%,3.30%,349,-3.90%,-2.50%,391,-1.00%,5.40%,70,-12,-4,96.40%,0.00%,-0.30%
Zip Code: 60062,Aug-16,$440K,0.00%,-1.10%,273,9.20%,3.40%,285,-18.30%,-9.20%,357,-8.70%,0.00%,72,2,-2,96.40%,0.00%,-0.10%
Zip Code: 60062,Sep-16,$440K,0.00%,2.30%,242,-11.40%,16.90%,265,-7.00%,8.20%,374,4.80%,12.00%,76,5,-2,96.20%,-0.20%,-0.20%
Zip Code: 60062,Oct-16,$445K,1.10%,1.30%,207,-14.50%,6.70%,226,-14.70%,-0.90%,368,-1.60%,8.20%,83,7,6,95.80%,-0.40%,-1.10%
Zip Code: 60062,Nov-16,$442K,-0.70%,2.80%,163,-21.30%,-1.80%,196,-13.30%,-2.50%,318,-13.60%,7.40%,91,8,12,95.40%,-0.40%,-1.00%
Zip Code: 60062,Dec-16,$425K,-3.80%,-7.20%,155,-4.90%,-11.40%,139,-29.10%,-10.90%,260,-18.20%,1.60%,97,6,16,94.70%,-0.80%,-1.50%
Zip Code: 60062,Jan-17,$402K,-5.40%,-5.60%,153,-1.30%,-1.30%,141,1.40%,-2.10%,273,5.00%,2.60%,101,4,23,94.80%,0.10%,-0.50%
Zip Code: 60062,Feb-17,$407K,1.20%,-4.50%,133,-13.10%,11.80%,212,50.40%,19.10%,344,26.00%,15.80%,106,5,1,94.70%,-0.10%,-0.60%
Zip Code: 60062,Mar-17,$448K,10.00%,15.30%,143,7.50%,24.30%,331,56.10%,18.20%,405,17.70%,16.00%,119,13,26,95.70%,1.00%,0.40%
Zip Code: 60062,Apr-17,$449K,0.20%,5.50%,154,7.70%,25.20%,387,16.90%,16.60%,440,8.60%,15.80%,121,2,23,96.10%,0.40%,0.20%
Zip Code: 60062,May-17,$452K,0.80%,8.90%,203,31.80%,14.70%,394,1.80%,2.10%,447,1.60%,10.90%,92,-29,8,96.90%,0.80%,0.90%
Zip Code: 60062,Jun-17,$450K,-0.40%,4.90%,244,20.20%,10.40%,366,-7.10%,0.80%,453,1.30%,14.70%,76,-16,-6,96.80%,-0.10%,0.40%
Zip Code: 60062,Jul-17,$468K,3.90%,6.30%,272,11.50%,8.80%,320,-12.60%,-8.30%,425,-6.20%,8.70%,76,0,6,96.90%,0.10%,0.50%
Zip Code: 60062,Aug-17,$470K,0.50%,6.80%,276,1.50%,1.10%,281,-12.20%,-1.40%,400,-5.90%,12.00%,76,0,5,96.70%,-0.10%,0.30%
Zip Code: 60062,Sep-17,$465K,-1.10%,5.70%,237,-14.10%,-2.10%,248,-11.70%,-6.40%,391,-2.30%,4.50%,76,0,0,96.80%,0.10%,0.60%
Zip Code: 60062,Oct-17,$460K,-1.10%,3.40%,231,-2.50%,11.60%,208,-16.10%,-8.00%,336,-14.10%,-8.70%,84,8,1,96.40%,-0.40%,0.60%
Zip Code: 60062,Nov-17,$415K,-9.80%,-6.10%,195,-15.60%,19.60%,162,-22.10%,-17.30%,277,-17.60%,-12.90%,98,15,7,95.50%,-0.90%,0.10%
Zip Code: 60062,Dec-17,$410K,-1.20%,-3.50%,192,-1.50%,23.90%,103,-36.40%,-25.90%,215,-22.40%,-17.30%,113,15,16,95.20%,-0.30%,0.50%
Zip Code: 60062,Jan-18,$400K,-2.40%,-0.50%,152,-20.80%,-0.70%,140,35.90%,-0.70%,250,16.30%,-8.40%,126,13,25,95.00%,-0.20%,0.20%
Zip Code: 60062,Feb-18,$395K,-1.30%,-2.90%,125,-17.80%,-6.00%,219,56.40%,3.30%,305,22.00%,-11.30%,122,-4,16,95.80%,0.80%,1.10%
Zip Code: 60062,Mar-18,$403K,1.90%,-10.10%,126,0.80%,-11.90%,312,42.50%,-5.70%,355,16.40%,-12.30%,110,-12,-9,95.80%,0.00%,0.20%
Zip Code: 60062,Apr-18,$405K,0.60%,-9.70%,146,15.90%,-5.20%,347,11.20%,-10.30%,379,6.80%,-13.90%,78,-33,-44,96.20%,0.40%,0.20%
Zip Code: 60062,May-18,$433K,6.80%,-4.30%,194,32.90%,-4.40%,360,3.70%,-8.60%,397,4.70%,-11.20%,76,-2,-17,96.10%,-0.20%,-0.80%
Zip Code: 60062,Jun-18,$443K,2.30%,-1.70%,212,9.30%,-13.10%,371,3.10%,1.40%,426,7.30%,-6.00%,70,-6,-6,96.30%,0.30%,-0.40%
Zip Code: 60062,Jul-18,$467K,5.40%,-0.20%,247,16.50%,-9.20%,352,-5.10%,10.00%,419,-1.60%,-1.40%,71,1,-5,96.00%,-0.40%,-0.90%
Zip Code: 60062,Aug-18,$515K,10.40%,9.60%,243,-1.60%,-12.00%,312,-11.40%,11.00%,416,-0.70%,4.00%,70,-1,-6,96.00%,0.00%,-0.80%
Zip Code: 60062,Sep-18,$495K,-3.90%,6.50%,252,3.70%,6.30%,254,-18.60%,2.40%,391,-6.00%,0.00%,76,6,0,95.80%,-0.20%,-1.00%
Zip Code: 60062,Oct-18,$463K,-6.50%,0.70%,213,-15.50%,-7.80%,222,-12.60%,6.70%,369,-5.60%,9.80%,84,8,1,95.40%,-0.40%,-1.10%
Zip Code: 60062,Nov-18,$456K,-1.50%,9.90%,194,-8.90%,-0.50%,182,-18.00%,12.30%,333,-9.80%,20.20%,92,8,-6,94.90%,-0.50%,-0.60%
Zip Code: 60062,Dec-18,$450K,-1.30%,9.80%,155,-20.10%,-19.30%,140,-23.10%,35.90%,263,-21.00%,22.30%,102,10,-11,94.30%,-0.60%,-0.90%
Zip Code: 60062,Jan-19,$468K,3.90%,16.90%,122,-21.30%,-19.70%,148,5.70%,5.70%,275,4.60%,10.00%,109,7,-17,94.30%,0.10%,-0.60%
Zip Code: 60062,Feb-19,$425K,-9.10%,7.60%,105,-13.90%,-16.00%,194,31.10%,-11.40%,312,13.50%,2.30%,125,16,3,93.60%,-0.70%,-2.20%
Zip Code: 60118,Feb-12,$151K,-3.00%,-15.90%,31,40.90%,-13.90%,50,42.90%,8.70%,113,-2.60%,-2.60%,181,43,23,90.80%,-4.80%,-3.50%
Zip Code: 60118,Mar-12,$162K,7.00%,-7.70%,42,35.50%,20.00%,72,44.00%,22.00%,124,9.70%,4.20%,188,7,40,91.10%,0.20%,-3.90%
Zip Code: 60118,Apr-12,$161K,-0.20%,-6.10%,38,-9.50%,46.20%,78,8.30%,14.70%,120,-3.20%,-9.10%,188,-1,34,91.60%,0.50%,-4.60%
Zip Code: 60118,May-12,$188K,16.30%,0.50%,42,10.50%,16.70%,85,9.00%,4.90%,120,0.00%,-15.50%,170,-18,9,92.70%,1.10%,-3.00%
Zip Code: 60118,Jun-12,$188K,0.00%,7.10%,46,9.50%,12.20%,81,-4.70%,14.10%,129,7.50%,-2.30%,168,-3,-8,94.10%,1.40%,0.60%
Zip Code: 60118,Jul-12,$180K,-4.00%,2.90%,56,21.70%,30.20%,81,0.00%,15.70%,133,3.10%,-8.90%,94,-74,-115,93.80%,-0.20%,1.10%
Zip Code: 60118,Aug-12,$178K,-1.40%,-1.90%,54,-3.60%,38.50%,80,-1.20%,25.00%,140,5.30%,1.40%,95,1,-60,95.60%,1.80%,3.10%
Zip Code: 60118,Sep-12,$169K,-4.80%,-25.60%,48,-11.10%,33.30%,76,-5.00%,15.20%,139,-0.70%,-6.70%,92,-3,-63,95.90%,0.30%,1.80%
Zip Code: 60118,Oct-12,$192K,13.60%,-13.50%,51,6.30%,34.20%,72,-5.30%,28.60%,132,-5.00%,-8.30%,105,13,-55,96.70%,0.80%,0.60%
Zip Code: 60118,Nov-12,$175K,-8.90%,-5.40%,53,3.90%,71.00%,58,-19.40%,41.50%,114,-13.60%,-9.50%,122,17,-42,95.70%,-1.00%,-1.90%
Zip Code: 60118,Dec-12,$175K,0.00%,4.20%,55,3.80%,120.00%,45,-22.40%,36.40%,104,-8.80%,-13.30%,131,9,-19,95.50%,-0.10%,-3.10%
Zip Code: 60118,Jan-13,$180K,2.70%,15.40%,52,-5.50%,136.40%,35,-22.20%,0.00%,92,-11.50%,-20.70%,141,11,3,96.20%,0.70%,0.60%
Zip Code: 60118,Feb-13,$204K,13.20%,34.80%,49,-5.80%,58.10%,49,40.00%,-2.00%,98,6.50%,-13.30%,177,36,-4,95.90%,-0.30%,5.00%
Zip Code: 60118,Mar-13,$203K,-0.50%,25.40%,41,-16.30%,-2.40%,72,46.90%,0.00%,114,16.30%,-8.10%,185,8,-3,96.50%,0.60%,5.40%
Zip Code: 60118,Apr-13,$174K,-14.20%,7.80%,48,17.10%,26.30%,91,26.40%,16.70%,118,3.50%,-1.70%,181,-4,-7,94.90%,-1.60%,3.30%
Zip Code: 60118,May-13,$174K,0.00%,-7.30%,52,8.30%,23.80%,93,2.20%,9.40%,120,1.70%,0.00%,113,-68,-57,96.80%,1.90%,4.10%
Zip Code: 60118,Jun-13,$183K,5.00%,-2.70%,66,26.90%,43.50%,94,1.10%,16.00%,130,8.30%,0.80%,98,-16,-70,97.00%,0.20%,2.90%
Zip Code: 60118,Jul-13,$215K,17.80%,19.40%,64,-3.00%,14.30%,96,2.10%,18.50%,130,0.00%,-2.30%,89,-9,-5,98.30%,1.30%,4.50%
Zip Code: 60118,Aug-13,$217K,0.90%,22.30%,59,-7.80%,9.30%,85,-11.50%,6.30%,128,-1.50%,-8.60%,91,3,-4,97.80%,-0.50%,2.20%
Zip Code: 60118,Sep-13,$217K,0.00%,28.40%,63,6.80%,31.30%,67,-21.20%,-11.80%,106,-17.20%,-23.70%,93,2,1,96.00%,-1.80%,0.10%
Zip Code: 60118,Oct-13,$202K,-7.10%,4.90%,66,4.80%,29.40%,57,-14.90%,-20.80%,102,-3.80%,-22.70%,93,1,-12,94.60%,-1.50%,-2.20%
Zip Code: 60118,Nov-13,$230K,14.10%,31.40%,67,1.50%,26.40%,51,-10.50%,-12.10%,88,-13.70%,-22.80%,97,4,-25,94.60%,0.00%,-1.10%
Zip Code: 60118,Dec-13,$210K,-8.70%,20.00%,55,-17.90%,0.00%,45,-11.80%,0.00%,76,-13.60%,-26.90%,102,5,-29,95.50%,0.90%,-0.10%
Zip Code: 60118,Jan-14,$210K,-0.20%,16.60%,46,-16.40%,-11.50%,41,-8.90%,17.10%,80,5.30%,-13.00%,114,12,-27,97.10%,1.60%,0.90%
Zip Code: 60118,Feb-14,$185K,-11.70%,-9.10%,39,-15.20%,-20.40%,49,19.50%,0.00%,89,11.30%,-9.20%,134,20,-43,97.40%,0.40%,1.60%
Zip Code: 60118,Mar-14,$231K,24.90%,14.10%,33,-15.40%,-19.50%,63,28.60%,-12.50%,94,5.60%,-17.50%,158,24,-27,98.20%,0.70%,1.70%
Zip Code: 60118,Apr-14,$223K,-3.50%,28.30%,35,6.10%,-27.10%,74,17.50%,-18.70%,103,9.60%,-12.70%,157,-1,-24,99.10%,0.90%,4.20%
Zip Code: 60118,May-14,$197K,-11.60%,13.40%,45,28.60%,-13.50%,99,33.80%,6.50%,117,13.60%,-2.50%,127,-30,14,98.50%,-0.70%,1.70%
Zip Code: 60118,Jun-14,$193K,-2.30%,5.50%,52,15.60%,-21.20%,107,8.10%,13.80%,130,11.10%,0.00%,101,-26,4,97.60%,-0.90%,0.60%
Zip Code: 60118,Jul-14,$188K,-2.40%,-12.60%,53,1.90%,-17.20%,118,10.30%,22.90%,148,13.80%,13.80%,80,-21,-9,96.40%,-1.20%,-1.90%
Zip Code: 60118,Aug-14,$215K,14.40%,-0.90%,55,3.80%,-6.80%,92,-22.00%,8.20%,140,-5.40%,9.40%,80,0,-11,95.60%,-0.80%,-2.20%
Zip Code: 60118,Sep-14,$215K,-0.20%,-1.20%,60,9.10%,-4.80%,80,-13.00%,19.40%,131,-6.40%,23.60%,62,-19,-31,96.00%,0.50%,0.00%
Zip Code: 60118,Oct-14,$192K,-10.40%,-4.60%,62,3.30%,-6.10%,67,-16.30%,17.50%,124,-5.30%,21.60%,83,21,-11,95.80%,-0.20%,1.30%
Zip Code: 60118,Nov-14,$178K,-7.40%,-22.60%,54,-12.90%,-19.40%,60,-10.40%,17.60%,109,-12.10%,23.90%,87,5,-10,97.10%,1.30%,2.50%
Zip Code: 60118,Dec-14,$182K,2.00%,-13.60%,54,0.00%,-1.80%,52,-13.30%,15.60%,101,-7.30%,32.90%,121,34,19,96.70%,-0.40%,1.20%
Zip Code: 60118,Jan-15,$185K,1.90%,-11.70%,47,-13.00%,2.20%,38,-26.90%,-7.30%,93,-7.90%,16.30%,124,3,10,96.50%,-0.20%,-0.60%
Zip Code: 60118,Feb-15,$205K,10.50%,10.50%,40,-14.90%,2.60%,55,44.70%,12.20%,103,10.80%,15.70%,123,-2,-12,95.90%,-0.60%,-1.50%
Zip Code: 60118,Mar-15,$218K,6.40%,-5.80%,39,-2.50%,18.20%,78,41.80%,23.80%,117,13.60%,24.50%,120,-3,-38,96.40%,0.50%,-1.80%
Zip Code: 60118,Apr-15,$233K,7.10%,4.50%,45,15.40%,28.60%,107,37.20%,44.60%,128,9.40%,24.30%,109,-11,-48,96.90%,0.40%,-2.30%
Zip Code: 60118,May-15,$229K,-1.70%,16.20%,67,48.90%,48.90%,115,7.50%,16.20%,134,4.70%,14.50%,115,6,-12,96.30%,-0.60%,-2.20%
Zip Code: 60118,Jun-15,$245K,7.00%,27.30%,83,23.90%,59.60%,121,5.20%,13.10%,146,9.00%,12.30%,121,6,20,96.50%,0.20%,-1.10%
Zip Code: 60118,Jul-15,$232K,-5.30%,23.40%,85,2.40%,60.40%,99,-18.20%,-16.10%,131,-10.30%,-11.50%,117,-4,37,96.30%,-0.20%,0.00%
Zip Code: 60118,Aug-15,$235K,1.30%,9.30%,77,-9.40%,40.00%,79,-20.20%,-14.10%,123,-6.10%,-12.10%,90,-27,10,96.50%,0.10%,0.90%
Zip Code: 60118,Sep-15,$209K,-11.10%,-2.60%,64,-16.90%,6.70%,59,-25.30%,-26.30%,115,-6.50%,-12.20%,85,-5,24,96.40%,-0.10%,0.40%
Zip Code: 60118,Oct-15,$199K,-4.80%,3.50%,61,-4.70%,-1.60%,63,6.80%,-6.00%,111,-3.50%,-10.50%,94,9,12,96.60%,0.20%,0.70%
Zip Code: 60118,Nov-15,$195K,-2.00%,9.60%,49,-19.70%,-9.30%,65,3.20%,8.30%,110,-0.90%,0.90%,102,8,15,96.80%,0.30%,-0.20%
Zip Code: 60118,Dec-15,$198K,1.50%,9.10%,38,-22.40%,-29.60%,55,-15.40%,5.80%,109,-0.90%,7.90%,118,16,-3,96.30%,-0.50%,-0.40%
Zip Code: 60118,Jan-16,$207K,4.50%,11.90%,28,-26.30%,-40.40%,49,-10.90%,28.90%,102,-6.40%,9.70%,139,21,15,96.50%,0.20%,-0.10%
Zip Code: 60118,Feb-16,$207K,0.00%,1.20%,38,35.70%,-5.00%,49,0.00%,-10.90%,97,-4.90%,-5.80%,139,0,17,97.80%,1.30%,1.90%
Zip Code: 60118,Mar-16,$196K,-5.30%,-9.90%,54,42.10%,38.50%,79,61.20%,1.30%,109,12.40%,-6.80%,114,-26,-7,97.10%,-0.70%,0.70%
Zip Code: 60118,Apr-16,$197K,0.50%,-15.50%,63,16.70%,40.00%,95,20.30%,-11.20%,113,3.70%,-11.70%,108,-6,-1,96.40%,-0.70%,-0.40%
Zip Code: 60118,May-16,$228K,15.70%,-0.40%,71,12.70%,6.00%,114,20.00%,-0.90%,124,9.70%,-7.50%,103,-6,-13,95.80%,-0.60%,-0.50%
Zip Code: 60118,Jun-16,$227K,-0.70%,-7.60%,73,2.80%,-12.00%,103,-9.60%,-14.90%,124,0.00%,-15.10%,73,-30,-48,96.30%,0.50%,-0.20%
Zip Code: 60118,Jul-16,$238K,5.20%,2.70%,72,-1.40%,-15.30%,102,-1.00%,3.00%,128,3.20%,-2.30%,78,5,-39,96.70%,0.40%,0.30%
Zip Code: 60118,Aug-16,$235K,-1.50%,-0.10%,72,0.00%,-6.50%,86,-15.70%,8.90%,118,-7.80%,-4.10%,75,-3,-15,97.00%,0.40%,0.60%
Zip Code: 60118,Sep-16,$233K,-0.70%,11.50%,73,1.40%,14.10%,80,-7.00%,35.60%,108,-8.50%,-6.10%,83,8,-2,97.20%,0.10%,0.80%
Zip Code: 60118,Oct-16,$200K,-14.20%,0.50%,83,13.70%,36.10%,61,-23.80%,-3.20%,95,-12.00%,-14.40%,83,0,-11,96.40%,-0.80%,-0.20%
Zip Code: 60118,Nov-16,$204K,1.80%,4.40%,67,-19.30%,36.70%,59,-3.30%,-9.20%,87,-8.40%,-20.90%,90,7,-12,96.70%,0.30%,-0.20%
Zip Code: 60118,Dec-16,$218K,7.10%,10.10%,59,-11.90%,55.30%,48,-18.60%,-12.70%,72,-17.20%,-33.90%,111,21,-7,96.40%,-0.30%,0.10%
Zip Code: 60118,Jan-17,$247K,13.30%,19.30%,50,-15.30%,78.60%,56,16.70%,14.30%,76,5.60%,-25.50%,122,11,-18,96.90%,0.50%,0.50%
Zip Code: 60118,Feb-17,$225K,-8.90%,8.70%,55,10.00%,44.70%,59,5.40%,20.40%,81,6.60%,-16.50%,126,5,-13,95.80%,-1.10%,-2.00%
Zip Code: 60118,Mar-17,$220K,-2.20%,12.20%,49,-10.90%,-9.30%,84,42.40%,6.30%,97,19.80%,-11.00%,97,-29,-17,95.70%,-0.20%,-1.40%
Zip Code: 60118,Apr-17,$238K,8.00%,20.60%,55,12.20%,-12.70%,92,9.50%,-3.20%,98,1.00%,-13.30%,76,-21,-32,96.50%,0.90%,0.10%
Zip Code: 60118,May-17,$243K,2.10%,6.40%,68,23.60%,-4.20%,105,14.10%,-7.90%,109,11.20%,-12.10%,70,-7,-33,97.10%,0.50%,1.30%
Zip Code: 60118,Jun-17,$250K,3.10%,10.40%,76,11.80%,4.10%,101,-3.80%,-1.90%,110,0.90%,-11.30%,75,6,2,97.30%,0.20%,1.10%
Zip Code: 60118,Jul-17,$245K,-2.00%,2.80%,83,9.20%,15.30%,97,-4.00%,-4.90%,106,-3.60%,-17.20%,70,-5,-8,97.00%,-0.30%,0.30%
Zip Code: 60118,Aug-17,$272K,11.10%,16.00%,86,3.60%,19.40%,94,-3.10%,9.30%,109,2.80%,-7.60%,74,4,-1,97.40%,0.40%,0.40%
Zip Code: 60118,Sep-17,$245K,-10.00%,5.20%,81,-5.80%,11.00%,87,-7.40%,8.70%,115,5.50%,6.50%,72,-2,-11,97.10%,-0.30%,0.00%
Zip Code: 60118,Oct-17,$260K,6.10%,30.10%,73,-9.90%,-12.00%,91,4.60%,49.20%,112,-2.60%,17.90%,78,6,-6,96.90%,-0.20%,0.50%
Zip Code: 60118,Nov-17,$241K,-7.30%,18.40%,72,-1.40%,7.50%,75,-17.60%,27.10%,98,-12.50%,12.60%,83,6,-7,95.70%,-1.20%,-1.00%
Zip Code: 60118,Dec-17,$236K,-2.10%,8.30%,67,-6.90%,13.60%,59,-21.30%,22.90%,85,-13.30%,18.10%,84,1,-27,95.80%,0.10%,-0.60%
Zip Code: 60118,Jan-18,$239K,1.30%,-3.20%,57,-14.90%,14.00%,51,-13.60%,-8.90%,95,11.80%,25.00%,88,4,-34,96.30%,0.60%,-0.60%
Zip Code: 60118,Feb-18,$228K,-4.80%,1.10%,42,-26.30%,-23.60%,64,25.50%,8.50%,107,12.60%,32.10%,73,-15,-53,97.20%,0.90%,1.40%
Zip Code: 60118,Mar-18,$235K,3.30%,6.80%,49,16.70%,0.00%,92,43.80%,9.50%,110,2.80%,13.40%,103,30,6,97.20%,0.00%,1.60%
Zip Code: 60118,Apr-18,$222K,-5.40%,-6.40%,58,18.40%,5.50%,110,19.60%,19.60%,115,4.50%,17.30%,96,-7,20,96.90%,-0.30%,0.40%
Zip Code: 60118,May-18,$228K,2.40%,-6.20%,73,25.90%,7.40%,116,5.50%,10.50%,115,0.00%,5.50%,82,-15,12,97.50%,0.60%,0.40%
Zip Code: 60118,Jun-18,$228K,0.00%,-9.00%,95,30.10%,25.00%,119,2.60%,17.80%,123,7.00%,11.80%,63,-19,-13,98.00%,0.50%,0.70%
Zip Code: 60118,Jul-18,$234K,2.70%,-4.60%,104,9.50%,25.30%,108,-9.20%,11.30%,125,1.60%,17.90%,63,1,-7,98.10%,0.10%,1.10%
Zip Code: 60118,Aug-18,$255K,9.10%,-6.30%,95,-8.70%,10.50%,102,-5.60%,8.50%,119,-4.80%,9.20%,63,0,-11,97.50%,-0.60%,0.10%
Zip Code: 60118,Sep-18,$245K,-3.90%,0.00%,73,-23.20%,-9.90%,85,-16.70%,-2.30%,116,-2.50%,0.90%,58,-5,-14,97.40%,-0.10%,0.30%
Zip Code: 60118,Oct-18,$233K,-5.10%,-10.60%,66,-9.60%,-9.60%,80,-5.90%,-12.10%,101,-12.90%,-9.80%,58,-1,-20,97.10%,-0.30%,0.20%
Zip Code: 60118,Nov-18,$238K,2.40%,-1.20%,68,3.00%,-5.60%,62,-22.50%,-17.30%,82,-18.80%,-16.30%,72,15,-11,97.20%,0.10%,1.50%
Zip Code: 60118,Dec-18,$251K,5.60%,6.50%,70,2.90%,4.50%,47,-24.20%,-20.30%,70,-14.60%,-17.60%,77,5,-7,96.40%,-0.80%,0.60%
Zip Code: 60118,Jan-19,$230K,-8.50%,-3.80%,59,-15.70%,3.50%,36,-23.40%,-29.40%,60,-14.30%,-36.80%,100,23,12,96.20%,-0.20%,-0.10%
Zip Code: 60118,Feb-19,$214K,-7.10%,-6.00%,44,-25.40%,4.80%,45,25.00%,-29.70%,68,13.30%,-36.40%,109,9,36,96.40%,0.20%,-0.80%
Zip Code: 60523,Feb-12,$420K,11.30%,-7.70%,33,13.80%,-15.40%,43,16.20%,0.00%,119,-5.60%,-5.60%,212,-8,16,90.40%,1.70%,0.90%
Zip Code: 60523,Mar-12,$510K,21.40%,4.60%,33,0.00%,17.90%,57,32.60%,-9.50%,117,-1.70%,-14.00%,220,8,7,89.90%,-0.50%,0.60%
Zip Code: 60523,Apr-12,$430K,-15.70%,-24.60%,34,3.00%,3.00%,54,-5.30%,-3.60%,117,0.00%,-8.60%,255,35,27,89.90%,0.00%,1.70%
Zip Code: 60523,May-12,$434K,0.90%,-15.00%,40,17.60%,29.00%,63,16.70%,-1.60%,112,-4.30%,-16.40%,263,9,38,90.40%,0.60%,1.10%
Zip Code: 60523,Jun-12,$530K,22.20%,0.50%,49,22.50%,28.90%,69,9.50%,7.80%,120,7.10%,-14.90%,265,2,75,89.90%,-0.50%,0.50%
Zip Code: 60523,Jul-12,$535K,0.90%,22.30%,54,10.20%,68.80%,66,-4.30%,-7.00%,120,0.00%,-18.40%,257,-8,74,89.70%,-0.30%,-0.40%
Zip Code: 60523,Aug-12,$566K,5.70%,29.30%,52,-3.70%,100.00%,60,-9.10%,-10.40%,105,-12.50%,-31.80%,209,-48,25,89.80%,0.20%,-0.90%
Zip Code: 60523,Sep-12,$560K,-1.10%,106.50%,42,-19.20%,90.90%,57,-5.00%,-6.60%,117,11.40%,-23.50%,189,-20,-59,90.10%,0.30%,0.50%
Zip Code: 60523,Oct-12,$559K,-0.10%,105.50%,45,7.10%,80.00%,51,-10.50%,-20.30%,109,-6.80%,-26.40%,147,-42,-36,90.50%,0.40%,0.80%
Zip Code: 60523,Nov-12,$650K,16.30%,116.70%,36,-20.00%,16.10%,49,-3.90%,-3.90%,100,-8.30%,-25.90%,133,-14,-87,89.70%,-0.80%,3.10%
Zip Code: 60523,Dec-12,$594K,-8.70%,74.60%,36,0.00%,20.00%,34,-30.60%,-5.60%,96,-4.00%,-23.20%,132,-1,-50,90.10%,0.40%,2.30%
Zip Code: 60523,Jan-13,$575K,-3.20%,52.30%,31,-13.90%,6.90%,39,14.70%,5.40%,95,-1.00%,-24.60%,119,-13,-100,89.80%,-0.20%,1.20%
Zip Code: 60523,Feb-13,$380K,-34.00%,-9.60%,26,-16.10%,-21.20%,45,15.40%,4.70%,101,6.30%,-15.10%,169,50,-43,91.30%,1.50%,0.90%
Zip Code: 60523,Mar-13,$500K,31.70%,-2.00%,27,3.80%,-18.20%,57,26.70%,0.00%,100,-1.00%,-14.50%,122,-48,-98,91.30%,0.00%,1.40%
Zip Code: 60523,Apr-13,$494K,-1.20%,15.00%,32,18.50%,-5.90%,67,17.50%,24.10%,112,12.00%,-4.30%,196,75,-59,92.00%,0.70%,2.20%
Zip Code: 60523,May-13,$438K,-11.50%,0.90%,38,18.80%,-5.00%,82,22.40%,30.20%,124,10.70%,10.70%,139,-57,-124,90.80%,-1.30%,0.30%
Zip Code: 60523,Jun-13,$450K,2.90%,-15.10%,44,15.80%,-10.20%,98,19.50%,42.00%,132,6.50%,10.00%,124,-16,-141,91.70%,1.00%,1.80%
Zip Code: 60523,Jul-13,$445K,-1.10%,-16.80%,54,22.70%,0.00%,97,-1.00%,47.00%,129,-2.30%,7.50%,117,-7,-140,92.40%,0.70%,2.70%
Zip Code: 60523,Aug-13,$490K,10.10%,-13.40%,64,18.50%,23.10%,81,-16.50%,35.00%,115,-10.90%,9.50%,82,-35,-127,93.10%,0.70%,3.30%
Zip Code: 60523,Sep-13,$489K,-0.20%,-12.60%,67,4.70%,59.50%,73,-9.90%,28.10%,118,2.60%,0.90%,102,20,-87,93.10%,0.00%,3.00%
Zip Code: 60523,Oct-13,$600K,22.70%,7.30%,64,-4.50%,42.20%,62,-15.10%,21.60%,108,-8.50%,-0.90%,103,1,-44,93.00%,-0.10%,2.50%
Zip Code: 60523,Nov-13,$640K,6.70%,-1.50%,51,-20.30%,41.70%,59,-4.80%,20.40%,98,-9.30%,-2.00%,106,3,-27,93.10%,0.10%,3.40%
Zip Code: 60523,Dec-13,$640K,0.00%,7.80%,47,-7.80%,30.60%,38,-35.60%,11.80%,88,-10.20%,-8.30%,98,-8,-34,93.10%,-0.10%,3.00%
Zip Code: 60523,Jan-14,$649K,1.40%,12.90%,33,-29.80%,6.50%,34,-10.50%,-12.80%,74,-15.90%,-22.10%,84,-14,-35,94.20%,1.10%,4.40%
Zip Code: 60523,Feb-14,$650K,0.10%,71.00%,34,3.00%,30.80%,34,0.00%,-24.40%,69,-6.80%,-31.70%,98,14,-71,94.70%,0.50%,3.40%
Zip Code: 60523,Mar-14,$550K,-15.30%,10.00%,41,20.60%,51.90%,46,35.30%,-19.30%,78,13.00%,-22.00%,157,59,36,94.10%,-0.60%,2.80%
Zip Code: 60523,Apr-14,$465K,-15.50%,-5.90%,47,14.60%,46.90%,59,28.30%,-11.90%,83,6.40%,-25.90%,160,3,-36,92.30%,-1.80%,0.30%
Zip Code: 60523,May-14,$420K,-9.70%,-4.00%,45,-4.30%,18.40%,81,37.30%,-1.20%,106,27.70%,-14.50%,132,-28,-7,92.50%,0.20%,1.70%
Zip Code: 60523,Jun-14,$515K,22.60%,14.40%,42,-6.70%,-4.50%,93,14.80%,-5.10%,115,8.50%,-12.90%,78,-54,-46,93.50%,1.00%,1.80%
Zip Code: 60523,Jul-14,$555K,7.80%,24.70%,47,11.90%,-13.00%,91,-2.20%,-6.20%,118,2.60%,-8.50%,69,-9,-48,95.50%,1.90%,3.10%
Zip Code: 60523,Aug-14,$582K,4.90%,18.80%,52,10.60%,-18.80%,79,-13.20%,-2.50%,122,3.40%,6.10%,74,5,-9,94.90%,-0.50%,1.90%
Zip Code: 60523,Sep-14,$570K,-2.10%,16.60%,49,-5.80%,-26.90%,72,-8.90%,-1.40%,127,4.10%,7.60%,94,21,-8,94.60%,-0.30%,1.50%
Zip Code: 60523,Oct-14,$599K,5.10%,-0.20%,41,-16.30%,-35.90%,67,-6.90%,8.10%,115,-9.40%,6.50%,106,12,3,94.10%,-0.50%,1.10%
Zip Code: 60523,Nov-14,$525K,-12.40%,-18.00%,39,-4.90%,-23.50%,53,-20.90%,-10.20%,108,-6.10%,10.20%,106,1,0,93.80%,-0.30%,0.70%
Zip Code: 60523,Dec-14,$394K,-25.00%,-38.50%,34,-12.80%,-27.70%,35,-34.00%,-7.90%,97,-10.20%,10.20%,110,4,12,93.60%,-0.20%,0.60%
Zip Code: 60523,Jan-15,$376K,-4.40%,-42.00%,26,-23.50%,-21.20%,29,-17.10%,-14.70%,97,0.00%,31.10%,157,47,73,92.20%,-1.50%,-2.00%
Zip Code: 60523,Feb-15,$490K,30.20%,-24.60%,25,-3.80%,-26.50%,40,37.90%,17.60%,103,6.20%,49.30%,143,-14,45,92.60%,0.40%,-2.10%
Zip Code: 60523,Mar-15,$675K,37.80%,22.70%,22,-12.00%,-46.30%,57,42.50%,23.90%,114,10.70%,46.20%,143,0,-14,92.80%,0.20%,-1.30%
Zip Code: 60523,Apr-15,$688K,1.90%,47.80%,30,36.40%,-36.20%,68,19.30%,15.30%,117,2.60%,41.00%,177,34,17,93.60%,0.80%,1.30%
Zip Code: 60523,May-15,$680K,-1.10%,61.90%,35,16.70%,-22.20%,76,11.80%,-6.20%,120,2.60%,13.20%,170,-8,38,93.50%,-0.10%,1.00%
Zip Code: 60523,Jun-15,$677K,-0.40%,31.50%,46,31.40%,9.50%,91,19.70%,-2.20%,135,12.50%,17.40%,171,2,93,94.20%,0.70%,0.70%
Zip Code: 60523,Jul-15,$677K,0.00%,22.00%,56,21.70%,19.10%,87,-4.40%,-4.40%,127,-5.90%,7.60%,102,-69,33,94.20%,0.00%,-1.20%
Zip Code: 60523,Aug-15,$673K,-0.60%,15.60%,55,-1.80%,5.80%,78,-10.30%,-1.30%,126,-0.80%,3.30%,92,-11,18,94.70%,0.50%,-0.20%
Zip Code: 60523,Sep-15,$570K,-15.30%,0.00%,47,-14.50%,-4.10%,64,-17.90%,-11.10%,132,4.80%,3.90%,74,-18,-20,94.20%,-0.60%,-0.40%
Zip Code: 60523,Oct-15,$510K,-10.50%,-14.90%,40,-14.90%,-2.40%,67,4.70%,0.00%,131,-0.80%,13.90%,70,-5,-36,94.10%,-0.10%,0.00%
Zip Code: 60523,Nov-15,$560K,9.80%,6.70%,39,-2.50%,0.00%,54,-19.40%,1.90%,122,-6.90%,13.00%,96,27,-10,93.00%,-1.10%,-0.80%
Zip Code: 60523,Dec-15,$403K,-28.10%,2.30%,36,-7.70%,5.90%,39,-27.80%,11.40%,109,-10.70%,12.40%,98,2,-13,93.00%,0.00%,-0.70%
Zip Code: 60523,Jan-16,$520K,29.20%,38.20%,33,-8.30%,26.90%,26,-33.30%,-10.30%,102,-6.40%,5.20%,101,4,-56,92.30%,-0.70%,0.10%
Zip Code: 60523,Feb-16,$535K,2.90%,9.20%,29,-12.10%,16.00%,48,84.60%,20.00%,118,15.70%,14.60%,125,24,-19,92.30%,0.10%,-0.30%
Zip Code: 60523,Mar-16,$553K,3.30%,-18.10%,30,3.40%,36.40%,70,45.80%,22.80%,125,5.90%,9.60%,155,31,12,91.60%,-0.80%,-1.20%
Zip Code: 60523,Apr-16,$455K,-17.60%,-33.80%,28,-6.70%,-6.70%,95,35.70%,39.70%,135,8.00%,15.40%,167,12,-11,92.50%,0.90%,-1.10%
Zip Code: 60523,May-16,$460K,1.10%,-32.40%,32,14.30%,-8.60%,90,-5.30%,18.40%,145,7.40%,20.80%,161,-6,-9,91.90%,-0.60%,-1.60%
Zip Code: 60523,Jun-16,$573K,24.50%,-15.40%,44,37.50%,-4.30%,87,-3.30%,-4.40%,142,-2.10%,5.20%,89,-72,-83,93.10%,1.10%,-1.10%
Zip Code: 60523,Jul-16,$665K,16.20%,-1.80%,53,20.50%,-5.40%,73,-16.10%,-16.10%,140,-1.40%,10.20%,91,3,-11,92.90%,-0.20%,-1.40%
Zip Code: 60523,Aug-16,$624K,-6.20%,-7.30%,54,1.90%,-1.80%,65,-11.00%,-16.70%,136,-2.90%,7.90%,99,8,7,93.40%,0.50%,-1.40%
Zip Code: 60523,Sep-16,$600K,-3.90%,5.20%,44,-18.50%,-6.40%,58,-10.80%,-9.40%,136,0.00%,3.00%,132,33,58,93.10%,-0.30%,-1.10%
Zip Code: 60523,Oct-16,$588K,-1.90%,15.30%,33,-25.00%,-17.50%,59,1.70%,-11.90%,130,-4.40%,-0.80%,135,4,66,92.70%,-0.40%,-1.40%
Zip Code: 60523,Nov-16,$520K,-11.60%,-7.10%,35,6.10%,-10.30%,47,-20.30%,-13.00%,118,-9.20%,-3.30%,117,-18,21,93.00%,0.30%,0.00%
Zip Code: 60523,Dec-16,$545K,4.70%,35.30%,36,2.90%,0.00%,31,-34.00%,-20.50%,104,-11.90%,-4.60%,125,8,28,92.60%,-0.40%,-0.40%
Zip Code: 60523,Jan-17,$465K,-14.60%,-10.60%,38,5.60%,15.20%,23,-25.80%,-11.50%,104,0.00%,2.00%,126,1,25,93.50%,0.90%,1.20%
Zip Code: 60523,Feb-17,$475K,2.20%,-11.20%,31,-18.40%,6.90%,47,104.30%,-2.10%,117,12.50%,-0.80%,164,38,40,91.90%,-1.60%,-0.50%
Zip Code: 60523,Mar-17,$491K,3.40%,-11.10%,30,-3.20%,0.00%,68,44.70%,-2.90%,115,-1.70%,-8.00%,175,11,20,91.30%,-0.60%,-0.30%
Zip Code: 60523,Apr-17,$625K,27.30%,37.40%,35,16.70%,25.00%,80,17.60%,-15.80%,109,-5.20%,-19.30%,159,-16,-8,91.40%,0.20%,-1.00%
Zip Code: 60523,May-17,$688K,10.00%,49.50%,48,37.10%,50.00%,86,7.50%,-4.40%,116,6.40%,-20.00%,126,-33,-35,93.00%,1.50%,1.00%
Zip Code: 60523,Jun-17,$629K,-8.60%,9.80%,57,18.80%,29.50%,85,-1.20%,-2.30%,110,-5.20%,-22.50%,99,-27,11,94.30%,1.30%,1.20%
Zip Code: 60523,Jul-17,$565K,-10.10%,-15.00%,61,7.00%,15.10%,75,-11.80%,2.70%,108,-1.80%,-22.90%,101,2,10,94.50%,0.30%,1.70%
Zip Code: 60523,Aug-17,$435K,-23.00%,-30.30%,66,8.20%,22.20%,66,-12.00%,1.50%,101,-6.50%,-25.70%,105,4,7,95.00%,0.40%,1.60%
Zip Code: 60523,Sep-17,$456K,4.80%,-23.90%,65,-1.50%,47.70%,63,-4.50%,8.60%,106,5.00%,-22.10%,137,32,6,94.90%,0.00%,1.80%
Zip Code: 60523,Oct-17,$538K,17.90%,-8.60%,64,-1.50%,93.90%,64,1.60%,8.50%,100,-5.70%,-23.10%,107,-30,-28,94.00%,-0.90%,1.30%
Zip Code: 60523,Nov-17,$630K,17.20%,21.20%,50,-21.90%,42.90%,49,-23.40%,4.30%,97,-3.00%,-17.80%,89,-18,-28,93.30%,-0.70%,0.30%
Zip Code: 60523,Dec-17,$639K,1.40%,17.30%,48,-4.00%,33.30%,37,-24.50%,19.40%,83,-14.40%,-20.20%,89,0,-36,93.10%,-0.20%,0.50%
Zip Code: 60523,Jan-18,$530K,-17.00%,14.00%,41,-14.60%,7.90%,34,-8.10%,47.80%,81,-2.40%,-22.10%,105,16,-22,93.90%,0.70%,0.40%
Zip Code: 60523,Feb-18,$535K,0.90%,12.60%,40,-2.40%,29.00%,42,23.50%,-10.60%,78,-3.70%,-33.30%,148,44,-16,93.80%,-0.10%,1.90%
Zip Code: 60523,Mar-18,$555K,3.70%,13.00%,38,-5.00%,26.70%,68,61.90%,0.00%,90,15.40%,-21.70%,142,-6,-33,93.80%,0.00%,2.50%
Zip Code: 60523,Apr-18,$645K,16.20%,3.20%,39,2.60%,11.40%,89,30.90%,11.30%,106,17.80%,-2.80%,122,-20,-37,93.10%,-0.70%,1.60%
Zip Code: 60523,May-18,$517K,-19.80%,-24.80%,50,28.20%,4.20%,98,10.10%,14.00%,113,6.60%,-2.60%,109,-13,-17,92.90%,-0.20%,-0.10%
Zip Code: 60523,Jun-18,$475K,-8.20%,-24.40%,53,6.00%,-7.00%,92,-6.10%,8.20%,118,4.40%,7.30%,83,-26,-16,93.20%,0.30%,-1.00%
Zip Code: 60523,Jul-18,$484K,1.80%,-14.40%,56,5.70%,-8.20%,83,-9.80%,10.70%,121,2.50%,12.00%,82,-1,-19,94.00%,0.70%,-0.60%
Zip Code: 60523,Aug-18,$545K,12.70%,25.30%,59,5.40%,-10.60%,76,-8.40%,15.20%,111,-8.30%,9.90%,85,3,-21,94.90%,0.90%,-0.10%
Zip Code: 60523,Sep-18,$573K,5.00%,25.50%,52,-11.90%,-20.00%,62,-18.40%,-1.60%,114,2.70%,7.50%,84,-1,-53,94.70%,-0.20%,-0.30%
Zip Code: 60523,Oct-18,$615K,7.40%,14.40%,51,-1.90%,-20.30%,57,-8.10%,-10.90%,112,-1.80%,12.00%,76,-8,-31,94.00%,-0.60%,0.00%
Zip Code: 60523,Nov-18,$615K,0.00%,-2.40%,33,-35.30%,-34.00%,47,-17.50%,-4.10%,99,-11.60%,2.10%,80,4,-9,93.00%,-1.10%,-0.30%
Zip Code: 60523,Dec-18,$598K,-2.80%,-6.50%,42,27.30%,-12.50%,41,-12.80%,10.80%,85,-14.10%,2.40%,93,13,4,93.30%,0.40%,0.20%
Zip Code: 60523,Jan-19,$396K,-33.70%,-25.30%,35,-16.70%,-14.60%,35,-14.60%,2.90%,79,-7.10%,-2.50%,107,14,3,94.50%,1.10%,0.60%
Zip Code: 60523,Feb-19,$555K,40.20%,3.70%,34,-2.90%,-15.00%,43,22.90%,2.40%,87,10.10%,11.50%,114,7,-35,95.20%,0.80%,1.50%
Zip Code: 60611,Feb-12,$315K,-10.00%,-29.20%,217,5.90%,19.20%,270,13.00%,-25.80%,591,3.10%,-24.70%,130,13,-13,95.30%,0.40%,1.40%
Zip Code: 60611,Mar-12,$315K,0.00%,-33.30%,208,-4.10%,8.30%,366,35.60%,-20.60%,608,2.90%,-24.70%,152,23,5,95.40%,0.10%,2.20%
Zip Code: 60611,Apr-12,$378K,20.00%,-25.90%,208,0.00%,-0.50%,399,9.00%,-16.90%,604,-0.70%,-25.80%,152,0,8,95.80%,0.30%,1.90%
Zip Code: 60611,May-12,$418K,10.60%,-16.50%,242,16.30%,4.80%,418,4.80%,-17.60%,605,0.20%,-26.10%,171,19,37,95.60%,-0.20%,1.10%
Zip Code: 60611,Jun-12,$405K,-3.10%,-4.60%,272,12.40%,13.80%,365,-12.70%,-17.00%,541,-10.60%,-30.50%,146,-25,16,96.00%,0.40%,1.50%
Zip Code: 60611,Jul-12,$408K,0.60%,7.00%,306,12.50%,31.30%,371,1.60%,-9.30%,554,2.40%,-26.30%,122,-25,8,95.70%,-0.30%,1.40%
Zip Code: 60611,Aug-12,$410K,0.60%,2.50%,313,2.30%,25.20%,323,-12.90%,-18.80%,496,-10.50%,-33.40%,107,-15,-19,96.00%,0.30%,1.80%
Zip Code: 60611,Sep-12,$441K,7.60%,11.20%,291,-7.00%,32.90%,327,1.20%,-15.50%,487,-1.80%,-30.90%,105,-2,-21,96.20%,0.20%,1.90%
Zip Code: 60611,Oct-12,$420K,-4.90%,14.90%,288,-1.00%,30.90%,289,-11.60%,-21.70%,463,-4.90%,-33.50%,106,1,-25,96.60%,0.40%,2.30%
Zip Code: 60611,Nov-12,$423K,0.70%,-4.00%,258,-10.40%,44.10%,269,-6.90%,-12.10%,435,-6.00%,-33.80%,96,-11,-31,96.80%,0.10%,2.60%
Zip Code: 60611,Dec-12,$450K,6.50%,25.90%,280,8.50%,38.60%,225,-16.40%,-11.80%,378,-13.10%,-37.10%,105,9,-16,96.00%,-0.70%,1.40%
Zip Code: 60611,Jan-13,$460K,2.20%,31.40%,255,-8.90%,24.40%,252,12.00%,5.40%,403,6.60%,-29.70%,110,6,-7,95.80%,-0.20%,0.90%
Zip Code: 60611,Feb-13,$430K,-6.50%,36.50%,233,-8.60%,7.40%,299,18.70%,10.70%,440,9.20%,-25.50%,115,5,-15,95.90%,0.10%,0.60%
Zip Code: 60611,Mar-13,$430K,0.00%,36.50%,203,-12.90%,-2.40%,371,24.10%,1.40%,446,1.40%,-26.60%,117,2,-36,96.00%,0.10%,0.60%
Zip Code: 60611,Apr-13,$442K,2.80%,17.00%,229,12.80%,10.10%,421,13.50%,5.50%,465,4.30%,-23.00%,103,-14,-49,97.00%,1.00%,1.30%
Zip Code: 60611,May-13,$468K,5.80%,11.80%,289,26.20%,19.40%,473,12.40%,13.20%,474,1.90%,-21.70%,78,-25,-93,96.70%,-0.30%,1.10%
Zip Code: 60611,Jun-13,$478K,2.10%,17.80%,344,19.00%,26.50%,505,6.80%,38.40%,476,0.40%,-12.00%,73,-5,-73,96.90%,0.20%,0.90%
Zip Code: 60611,Jul-13,$455K,-4.70%,11.70%,383,11.30%,25.20%,496,-1.80%,33.70%,476,0.00%,-14.10%,69,-4,-53,96.50%,-0.40%,0.80%
Zip Code: 60611,Aug-13,$448K,-1.60%,9.20%,392,2.30%,25.20%,462,-6.90%,43.00%,460,-3.40%,-7.30%,64,-5,-43,96.80%,0.20%,0.80%
Zip Code: 60611,Sep-13,$428K,-4.50%,-3.10%,356,-9.20%,22.30%,437,-5.40%,33.60%,479,4.10%,-1.60%,63,-2,-43,96.80%,0.10%,0.60%
Zip Code: 60611,Oct-13,$440K,2.90%,4.90%,350,-1.70%,21.50%,390,-10.80%,34.90%,494,3.10%,6.70%,65,2,-42,96.90%,0.10%,0.30%
Zip Code: 60611,Nov-13,$448K,1.70%,5.90%,291,-16.90%,12.80%,316,-19.00%,17.50%,449,-9.10%,3.20%,70,6,-26,96.70%,-0.10%,0.00%
Zip Code: 60611,Dec-13,$453K,1.10%,0.60%,278,-4.50%,-0.70%,265,-16.10%,17.80%,420,-6.50%,11.10%,70,-1,-35,97.10%,0.40%,1.10%
Zip Code: 60611,Jan-14,$471K,4.00%,2.30%,204,-26.60%,-20.00%,284,7.20%,12.70%,467,11.20%,15.90%,71,2,-39,97.40%,0.20%,1.60%
Zip Code: 60611,Feb-14,$488K,3.60%,13.40%,208,2.00%,-10.70%,362,27.50%,21.10%,501,7.30%,13.90%,74,3,-41,97.30%,0.00%,1.40%
Zip Code: 60611,Mar-14,$470K,-3.60%,9.30%,195,-6.30%,-3.90%,468,29.30%,26.10%,564,12.60%,26.50%,96,22,-21,96.60%,-0.70%,0.60%
Zip Code: 60611,Apr-14,$431K,-8.40%,-2.60%,250,28.20%,9.20%,525,12.20%,24.70%,597,5.90%,28.40%,85,-11,-18,96.40%,-0.20%,-0.60%
Zip Code: 60611,May-14,$425K,-1.30%,-9.10%,284,13.60%,-1.70%,563,7.20%,19.00%,589,-1.30%,24.30%,79,-7,1,96.50%,0.10%,-0.20%
Zip Code: 60611,Jun-14,$435K,2.40%,-8.90%,332,16.90%,-3.50%,526,-6.60%,4.20%,589,0.00%,23.70%,72,-7,-1,96.80%,0.30%,-0.10%
Zip Code: 60611,Jul-14,$437K,0.40%,-4.00%,336,1.20%,-12.30%,496,-5.70%,0.00%,603,2.40%,26.70%,67,-5,-2,97.00%,0.30%,0.50%
Zip Code: 60611,Aug-14,$451K,3.30%,0.70%,367,9.20%,-6.40%,448,-9.70%,-3.00%,590,-2.20%,28.30%,72,5,8,97.00%,-0.10%,0.20%
Zip Code: 60611,Sep-14,$465K,3.10%,8.80%,324,-11.70%,-9.00%,438,-2.20%,0.20%,608,3.10%,26.90%,74,2,12,96.90%,-0.10%,0.10%
Zip Code: 60611,Oct-14,$451K,-3.00%,2.50%,327,0.90%,-6.60%,407,-7.10%,4.40%,603,-0.80%,22.10%,83,9,19,96.60%,-0.30%,-0.30%
Zip Code: 60611,Nov-14,$432K,-4.20%,-3.50%,271,-17.10%,-6.90%,351,-13.80%,11.10%,563,-6.60%,25.40%,91,8,21,96.00%,-0.60%,-0.70%
Zip Code: 60611,Dec-14,$395K,-8.60%,-12.70%,283,4.40%,1.80%,259,-26.20%,-2.30%,481,-14.60%,14.50%,93,3,24,95.50%,-0.50%,-1.60%
Zip Code: 60611,Jan-15,$441K,11.70%,-6.20%,228,-19.40%,11.80%,231,-10.80%,-18.70%,491,2.10%,5.10%,105,12,34,95.20%,-0.40%,-2.20%
Zip Code: 60611,Feb-15,$468K,5.90%,-4.10%,206,-9.60%,-1.00%,317,37.20%,-12.40%,541,10.20%,8.00%,104,-1,30,95.70%,0.50%,-1.60%
Zip Code: 60611,Mar-15,$469K,0.30%,-0.20%,214,3.90%,9.70%,434,36.90%,-7.30%,560,3.50%,-0.70%,111,7,15,96.30%,0.60%,-0.30%
Zip Code: 60611,Apr-15,$455K,-3.10%,5.60%,240,12.10%,-4.00%,509,17.30%,-3.00%,596,6.40%,-0.20%,104,-7,19,96.60%,0.20%,0.10%
Zip Code: 60611,May-15,$475K,4.50%,11.80%,303,26.30%,6.70%,507,-0.40%,-9.90%,595,-0.20%,1.00%,84,-20,6,96.50%,0.00%,0.00%
Zip Code: 60611,Jun-15,$460K,-3.30%,5.60%,357,17.80%,7.50%,506,-0.20%,-3.80%,611,2.70%,3.70%,75,-9,3,96.90%,0.30%,0.10%
Zip Code: 60611,Jul-15,$451K,-1.80%,3.30%,408,14.30%,21.40%,447,-11.70%,-9.90%,589,-3.60%,-2.30%,73,-2,6,96.60%,-0.20%,-0.40%
Zip Code: 60611,Aug-15,$450K,-0.20%,-0.20%,411,0.70%,12.00%,424,-5.10%,-5.40%,551,-6.50%,-6.60%,74,1,2,96.80%,0.20%,-0.20%
Zip Code: 60611,Sep-15,$470K,4.40%,1.10%,325,-20.90%,0.30%,390,-8.00%,-11.00%,556,0.90%,-8.60%,76,2,2,96.60%,-0.20%,-0.30%
Zip Code: 60611,Oct-15,$470K,0.00%,4.20%,272,-16.30%,-16.80%,366,-6.20%,-10.10%,539,-3.10%,-10.60%,85,9,2,97.10%,0.50%,0.50%
Zip Code: 60611,Nov-15,$423K,-10.00%,-2.10%,211,-22.40%,-22.10%,309,-15.60%,-12.00%,496,-8.00%,-11.90%,90,6,-1,97.00%,-0.20%,0.90%
Zip Code: 60611,Dec-15,$462K,9.20%,17.00%,241,14.20%,-14.80%,219,-29.10%,-15.40%,418,-15.70%,-13.10%,94,4,1,96.60%,-0.30%,1.10%
Zip Code: 60611,Jan-16,$465K,0.60%,5.40%,216,-10.40%,-5.30%,231,5.50%,0.00%,427,2.20%,-13.00%,105,11,0,96.20%,-0.40%,1.00%
Zip Code: 60611,Feb-16,$470K,1.10%,0.50%,228,5.60%,10.70%,317,37.20%,0.00%,487,14.10%,-10.00%,113,9,9,95.90%,-0.40%,0.10%
Zip Code: 60611,Mar-16,$439K,-6.60%,-6.40%,215,-5.70%,0.50%,467,47.30%,7.60%,536,10.10%,-4.30%,118,5,7,95.80%,0.00%,-0.50%
Zip Code: 60611,Apr-16,$430K,-2.10%,-5.40%,247,14.90%,2.90%,524,12.20%,2.90%,558,4.10%,-6.40%,108,-10,4,96.10%,0.30%,-0.40%
Zip Code: 60611,May-16,$415K,-3.50%,-12.60%,298,20.60%,-1.70%,543,3.60%,7.10%,590,5.70%,-0.80%,83,-25,-1,96.70%,0.60%,0.20%
Zip Code: 60611,Jun-16,$420K,1.20%,-8.60%,362,21.50%,1.40%,522,-3.90%,3.20%,604,2.40%,-1.10%,71,-13,-5,97.10%,0.40%,0.30%
Zip Code: 60611,Jul-16,$448K,6.50%,-0.80%,380,5.00%,-6.90%,498,-4.60%,11.40%,599,-0.80%,1.70%,78,8,5,97.10%,0.00%,0.50%
Zip Code: 60611,Aug-16,$454K,1.40%,0.80%,374,-1.60%,-9.00%,456,-8.40%,7.50%,608,1.50%,10.30%,82,4,8,97.10%,0.00%,0.30%
Zip Code: 60611,Sep-16,$460K,1.30%,-2.20%,348,-7.00%,7.10%,430,-5.70%,10.30%,596,-2.00%,7.20%,87,5,11,97.00%,0.00%,0.40%
Zip Code: 60611,Oct-16,$434K,-5.50%,-7.60%,322,-7.50%,18.40%,409,-4.90%,11.70%,604,1.30%,12.10%,86,-1,1,97.00%,0.00%,-0.10%
Zip Code: 60611,Nov-16,$434K,0.00%,2.70%,288,-10.60%,36.50%,340,-16.90%,10.00%,538,-10.90%,8.50%,91,6,1,97.20%,0.10%,0.20%
Zip Code: 60611,Dec-16,$406K,-6.50%,-12.10%,264,-8.30%,9.50%,249,-26.80%,13.70%,466,-13.40%,11.50%,83,-8,-11,96.60%,-0.50%,0.00%
Zip Code: 60611,Jan-17,$393K,-3.20%,-15.50%,243,-8.00%,12.50%,276,10.80%,19.50%,509,9.20%,19.20%,90,7,-15,96.70%,0.00%,0.50%
Zip Code: 60611,Feb-17,$393K,0.00%,-16.40%,225,-7.40%,-1.30%,361,30.80%,13.90%,549,7.90%,12.70%,94,4,-19,96.40%,-0.20%,0.60%
Zip Code: 60611,Mar-17,$401K,1.90%,-8.80%,242,7.60%,12.60%,500,38.50%,7.10%,606,10.40%,13.10%,109,15,-9,96.90%,0.40%,1.00%
Zip Code: 60611,Apr-17,$443K,10.50%,2.90%,256,5.80%,3.60%,521,4.20%,-0.60%,644,6.30%,15.40%,85,-24,-23,97.10%,0.30%,1.00%
Zip Code: 60611,May-17,$420K,-5.10%,1.20%,293,14.50%,-1.70%,559,7.30%,2.90%,673,4.50%,14.10%,70,-15,-13,97.20%,0.10%,0.50%
Zip Code: 60611,Jun-17,$394K,-6.20%,-6.20%,321,9.60%,-11.30%,556,-0.50%,6.50%,666,-1.00%,10.30%,68,-2,-3,97.60%,0.40%,0.50%
Zip Code: 60611,Jul-17,$388K,-1.50%,-13.30%,357,11.20%,-6.10%,529,-4.90%,6.20%,649,-2.60%,8.30%,67,-1,-11,97.80%,0.10%,0.60%
Zip Code: 60611,Aug-17,$379K,-2.40%,-16.60%,376,5.30%,0.50%,490,-7.40%,7.50%,641,-1.20%,5.40%,63,-4,-19,97.50%,-0.30%,0.40%
Zip Code: 60611,Sep-17,$384K,1.40%,-16.50%,324,-13.80%,-6.90%,449,-8.40%,4.40%,679,5.90%,13.90%,69,6,-18,97.20%,-0.20%,0.20%
Zip Code: 60611,Oct-17,$391K,1.80%,-10.10%,296,-8.60%,-8.10%,440,-2.00%,7.60%,647,-4.70%,7.10%,71,2,-15,96.80%,-0.40%,-0.20%
Zip Code: 60611,Nov-17,$416K,6.50%,-4.20%,262,-11.50%,-9.00%,361,-18.00%,6.20%,581,-10.20%,8.00%,85,14,-6,96.70%,-0.20%,-0.50%
Zip Code: 60611,Dec-17,$420K,1.00%,3.40%,261,-0.40%,-1.10%,262,-27.40%,5.20%,477,-17.90%,2.40%,90,5,7,96.50%,-0.10%,-0.10%
Zip Code: 60611,Jan-18,$408K,-2.90%,3.80%,243,-6.90%,0.00%,293,11.80%,6.20%,524,9.90%,2.90%,105,15,15,96.50%,0.00%,-0.10%
Zip Code: 60611,Feb-18,$398K,-2.60%,1.10%,210,-13.60%,-6.70%,387,32.10%,7.20%,594,13.40%,8.20%,106,1,12,97.20%,0.60%,0.70%
Zip Code: 60611,Mar-18,$378K,-4.90%,-5.60%,221,5.20%,-8.70%,550,42.10%,10.00%,652,9.80%,7.60%,116,10,7,97.40%,0.20%,0.50%
Zip Code: 60611,Apr-18,$419K,10.80%,-5.30%,255,15.40%,-0.40%,599,8.90%,15.00%,701,7.50%,8.90%,90,-27,5,97.50%,0.10%,0.30%
Zip Code: 60611,May-18,$422K,0.70%,0.50%,328,28.60%,11.90%,634,5.80%,13.40%,719,2.60%,6.80%,77,-13,7,97.50%,0.10%,0.30%
Zip Code: 60611,Jun-18,$440K,4.30%,11.70%,365,11.30%,13.70%,589,-7.10%,5.90%,723,0.60%,8.60%,72,-5,4,97.50%,-0.10%,-0.20%
Zip Code: 60611,Jul-18,$413K,-6.10%,6.40%,389,6.60%,9.00%,529,-10.20%,0.00%,695,-3.90%,7.10%,77,5,10,97.40%,-0.10%,-0.40%
Zip Code: 60611,Aug-18,$401K,-2.90%,5.90%,358,-8.00%,-4.80%,439,-17.00%,-10.40%,664,-4.50%,3.60%,77,0,14,97.10%,-0.30%,-0.40%
Zip Code: 60611,Sep-18,$420K,4.70%,9.40%,327,-8.70%,0.90%,433,-1.40%,-3.60%,689,3.80%,1.50%,77,0,8,96.90%,-0.20%,-0.30%
Zip Code: 60611,Oct-18,$415K,-1.20%,6.30%,269,-17.70%,-9.10%,401,-7.40%,-8.90%,657,-4.60%,1.50%,84,7,13,96.60%,-0.30%,-0.20%
Zip Code: 60611,Nov-18,$413K,-0.60%,-0.80%,260,-3.30%,-0.80%,367,-8.50%,1.70%,599,-8.80%,3.10%,101,18,16,96.40%,-0.20%,-0.20%
Zip Code: 60611,Dec-18,$373K,-9.60%,-11.20%,208,-20.00%,-20.30%,251,-31.60%,-4.20%,532,-11.20%,11.50%,115,14,25,96.40%,0.00%,-0.10%
Zip Code: 60611,Jan-19,$418K,12.10%,2.50%,181,-13.00%,-25.50%,294,17.10%,0.30%,595,11.80%,13.50%,119,4,14,96.30%,-0.20%,-0.30%
Zip Code: 60611,Feb-19,$409K,-2.20%,2.90%,144,-20.40%,-31.40%,379,28.90%,-2.10%,665,11.80%,12.00%,118,-1,12,96.30%,0.10%,-0.90%
